Date,Open,High,Low,Close,Volume
2022-06-01,"31,624","31,948","29,881","30,104",29770567353.488136
2022-06-02,"30,102","30,362","29,329","30,275",35553330791.53566
2022-06-03,"30,275","30,659","29,255","29,552",24232399986.261147
2022-06-04,"29,552","29,941","29,466","29,634",21997859590.66833
2022-06-05,"29,634","30,138","29,528","30,035",12911383481.843807
2022-06-06,"30,035","31,730","29,804","31,447",13395229055.412352
2022-06-07,"31,447","31,570","29,214","31,020",27644798123.298183
2022-06-08,"31,024","31,536","29,848","30,116",36111325508.04181
2022-06-09,"30,116","30,662","29,933","29,982",27080284928.564884
2022-06-10,"29,982","30,324","28,850","28,963",18871591862.340336
2022-06-11,"28,963","29,404","28,104","28,572",25663085729.42884
2022-06-12,"28,571","28,640","26,878","27,403",22518366769.83909
2022-06-13,"27,402","27,502","22,602","23,155",29834061115.62461
2022-06-14,"23,154","23,738","20,835","22,175",64852526179.38284
2022-06-15,"22,174","22,346","20,088","21,592",47639470967.89143
2022-06-16,"21,603","22,950","20,743","20,830",52027211446.51121
2022-06-17,"20,830","21,322","20,210","20,500",27449277945.59262
2022-06-18,"20,500","20,740","18,019","18,034",24232922585.24016
2022-06-19,"18,034","20,276","17,602","20,099",38920632524.1614
2022-06-20,"20,103","21,037","19,625","20,070",32488136325.883087
2022-06-21,"20,070","21,686","19,987","20,874",28346447996.779846
2022-06-22,"20,874","21,004","19,837","20,113",25340643362.789
2022-06-23,"20,113","20,920","19,764","20,888",24955466738.11085
2022-06-24,"20,888","21,420","20,662","21,231",23655104386.97852
2022-06-25,"21,232","21,584","20,900","21,195",21955656695.74872
2022-06-26,"21,195","21,846","21,129","21,273",16152442749.306295
2022-06-27,"21,274","21,507","20,518","20,836",15392697878.417652
2022-06-28,"20,836","21,176","20,206","20,236",17719011287.9831
2022-06-29,"20,236","20,420","19,841","20,196",18161209601.432373
2022-06-30,"20,197","20,392","18,757","18,884",20744333507.35517
2022-07-01,"18,884","20,837","18,631","19,359",22816515394.911003
2022-07-02,"19,359","19,643","18,970","19,247",28756781114.699898
2022-07-03,"19,247","19,505","18,767","19,488",15601715000.679424
2022-07-04,"19,487","20,070","19,035","19,803",13976969844.33244
2022-07-05,"19,803","20,471","19,296","20,380",18634860046.37241
2022-07-06,"20,380","20,720","19,750","20,297",23623270105.54542
2022-07-07,"20,298","21,833","20,247","21,833",21755499642.28282
2022-07-08,"21,832","22,433","21,188","21,791",21927087503.43376
2022-07-09,"21,792","22,002","21,320","21,612",46645398900.96298
2022-07-10,"21,613","21,737","20,663","20,898",26211587451.783283
2022-07-11,"20,898","21,162","20,263","20,484",25037950754.00336
2022-07-12,"20,485","20,537","19,278","19,383",21319467248.801025
2022-07-13,"19,383","20,070","18,920","19,639",22074971578.2899
2022-07-14,"19,639","20,867","19,579","20,594",28560004360.90292
2022-07-15,"20,593","21,165","20,375","21,159",28732413536.669937
2022-07-16,"21,159","21,566","20,482","21,181",46542248374.33238
2022-07-17,"21,180","21,652","20,834","21,029",42051101694.797554
2022-07-18,"21,029","22,753","20,759","21,610",29615794461.49923
2022-07-19,"21,610","23,680","21,453","23,416",58636734705.48306
2022-07-20,"23,409","24,265","22,955","23,661",57338223361.51413
2022-07-21,"23,661","23,779","22,356","23,197",40775718993.79776
2022-07-22,"23,197","23,747","22,557","22,602",63224249257.51128
2022-07-23,"22,593","22,996","21,960","22,280",40304373301.41499
2022-07-24,"22,281","22,903","22,242","22,714",42519262113.1533
2022-07-25,"22,714","22,999","21,565","21,890",33108916659.05373
2022-07-26,"21,890","22,247","20,728","20,924",42667548128.93224
2022-07-27,"20,924","23,100","20,828","22,759",53995620035.18145
2022-07-28,"22,766","24,089","22,600","23,800",54498281944.45157
2022-07-29,"23,799","24,412","23,452","23,897",55609627980.6571
2022-07-30,"23,899","24,642","23,665","23,933",41089335195.63975
2022-07-31,"23,933","24,175","23,421","23,847",62102072346.807785
2022-08-01,"23,848","23,890","22,873","22,962",31786729326.443203
2022-08-02,"22,962","23,445","22,675","22,955",44489771146.510735
2022-08-03,"22,955","23,627","22,705","23,467",35151096516.75639
2022-08-04,"23,467","23,490","22,413","22,462",41334593234.075066
2022-08-05,"22,462","23,463","22,455","22,944",23624874220.429745
2022-08-06,"22,944","23,345","22,853","23,191",27040190909.828075
2022-08-07,"23,190","23,281","22,862","23,161",14439694271.14074
2022-08-08,"23,161","24,244","23,073","23,934",14324042469.270954
2022-08-09,"23,934","24,102","22,891","23,067",27756736787.028625
2022-08-10,"23,066","24,176","22,685","23,636",29738069337.77638
2022-08-11,"23,639","24,901","23,637","24,216",32215976525.650154
2022-08-12,"24,218","24,336","23,620","24,191",33892871243.716595
2022-08-13,"24,191","24,888","24,075","24,410",25195193357.103275
2022-08-14,"24,410","25,029","24,168","24,297",22240559959.52209
2022-08-15,"24,297","25,204","23,902","23,988",21287616855.70449
2022-08-16,"23,988","24,241","23,677","23,938",33404812507.80541
2022-08-17,"23,938","24,426","23,250","23,278",24971300201.368164
2022-08-18,"23,278","23,590","23,194","23,348",29567403252.00121
2022-08-19,"23,348","23,442","21,163","21,334",20228208349.156567
2022-08-20,"21,334","21,378","20,805","20,986",35142410593.122185
2022-08-21,"20,986","21,577","20,787","21,514",23809679190.922188
2022-08-22,"21,514","21,770","20,910","21,044",20476237108.35153
2022-08-23,"21,045","21,664","20,902","21,516",28856912427.17573
2022-08-24,"21,517","21,886","21,158","21,716",29331102121.79332
2022-08-25,"21,716","21,800","21,319","21,601",26855905243.36116
2022-08-26,"21,601","21,862","20,549","20,652",26767966536.315014
2022-08-27,"20,652","20,747","19,845","20,025",34910727805.04114
2022-08-28,"20,025","20,151","19,824","19,977",24463219414.74348
2022-08-29,"19,977","20,400","19,526","20,092",19781826309.451183
2022-08-30,"20,093","20,562","19,555","19,949",28706315246.140064
2022-08-31,"19,950","20,473","19,766","20,231",30308993725.45616
2022-09-01,"20,231","20,288","19,575","19,872",27825786159.8556
2022-09-02,"19,872","20,436","19,767","19,906",25616737335.88055
2022-09-03,"19,906","20,045","19,667","19,710",24078042298.34008
2022-09-04,"19,710","19,949","19,599","19,886",20048153187.39969
2022-09-05,"19,886","20,045","19,643","19,707",21537524477.36904
2022-09-06,"19,707","20,171","18,803","18,823",23522961655.00036
2022-09-07,"18,823","19,184","18,559","19,009",39940310406.47586
2022-09-08,"19,005","19,450","18,997","19,343",30517907004.082462
2022-09-09,"19,343","21,422","19,263","21,299",28936941008.35892
2022-09-10,"21,301","21,667","21,138","21,589",42487059054.97593
2022-09-11,"21,590","21,850","21,368","21,628",35941349745.24438
2022-09-12,"21,627","22,473","21,465","22,427",31266252145.35619
2022-09-13,"22,427","22,767","20,061","20,276",44006486689.44507
2022-09-14,"20,284","20,521","19,631","19,965",46489890914.82466
2022-09-15,"19,965","20,384","19,516","19,788",35789015870.392235
2022-09-16,"19,787","19,891","19,339","19,623",33715957206.68328
2022-09-17,"19,623","20,179","19,618","20,012",30187737709.58007
2022-09-18,"20,012","20,140","19,575","19,726",23394494073.784782
2022-09-19,"19,727","19,747","18,278","19,514",28689764413.699097
2022-09-20,"19,515","19,674","18,740","18,991",39507938864.87854
2022-09-21,"18,991","19,800","18,774","19,016",33890591849.67652
2022-09-22,"19,016","19,485","18,165","19,308",41059997264.96848
2022-09-23,"19,310","19,498","18,542","18,816",37660914389.8923
2022-09-24,"18,816","19,393","18,807","19,112",35506139423.901344
2022-09-25,"19,112","19,166","18,817","18,917",24644354421.61794
2022-09-26,"18,918","19,305","18,650","19,196",21516374222.67532
2022-09-27,"19,200","20,373","18,834","19,082",42560193944.41844
2022-09-28,"19,080","19,645","18,498","19,543",52482615483.86207
2022-09-29,"19,543","19,764","18,852","19,406",47494258189.70422
2022-09-30,"19,406","20,171","19,193","19,492",37537716230.48356
2022-10-01,"19,492","19,531","19,174","19,274",37848666330.67224
2022-10-02,"19,274","19,393","19,050","19,265",15943514602.722157
2022-10-03,"19,265","19,649","18,938","19,532",17859684587.64641
2022-10-04,"19,534","20,268","19,510","20,227",26634227151.925247
2022-10-05,"20,227","20,460","19,760","20,114",30974520027.94433
2022-10-06,"20,114","20,439","19,886","20,014",29366342083.10176
2022-10-07,"20,014","20,068","19,339","19,467",31354758329.142307
2022-10-08,"19,467","19,643","19,430","19,472",25445042398.33797
2022-10-09,"19,472","19,557","19,269","19,471",12996183216.30484
2022-10-10,"19,471","19,523","19,120","19,214",14404623229.04686
2022-10-11,"19,215","19,274","18,860","18,994",23743487600.53748
2022-10-12,"18,994","19,193","18,989","19,141",25102717820.99086
2022-10-13,"19,141","19,497","18,198","19,370",22339104401.38417
2022-10-14,"19,370","19,939","19,116","19,161",37194496437.924
2022-10-15,"19,161","19,220","19,050","19,103",34806651159.13548
2022-10-16,"19,103","19,370","19,000","19,370",13103099352.405506
2022-10-17,"19,370","19,671","19,117","19,523",15683330320.159586
2022-10-18,"19,523","19,694","19,105","19,217",23713928577.519844
2022-10-19,"19,218","19,424","19,078","19,226",25848175158.687187
2022-10-20,"19,227","19,337","18,920","19,063",23047051893.294765
2022-10-21,"19,063","19,242","18,681","19,191",25712511231.935688
2022-10-22,"19,192","19,252","19,119","19,187",30297335038.197
2022-10-23,"19,187","19,518","19,082","19,503",13362526957.65784
2022-10-24,"19,503","19,680","19,170","19,341",19928822961.41621
2022-10-25,"19,341","20,406","19,247","20,272",28657172008.9177
2022-10-26,"20,272","21,012","20,010","20,759",39846253138.59686
2022-10-27,"20,760","20,900","20,450","20,631",50667020407.51415
2022-10-28,"20,631","20,746","20,025","20,613",41829789298.17936
2022-10-29,"20,613","21,058","20,566","20,845",36165609164.5681
2022-10-30,"20,845","20,932","20,571","20,655",32806216910.570454
2022-10-31,"20,655","20,824","20,250","20,370",24707906148.749344
2022-11-01,"20,371","20,677","20,339","20,447",37290619694.72375
2022-11-02,"20,447","20,798","20,107","20,258",32262771910.727062
2022-11-03,"20,258","20,383","20,050","20,259",44539856162.44828
2022-11-04,"20,259","21,287","20,165","21,095",36562782563.97917
2022-11-05,"21,095","21,469","21,059","21,331",33773463079.332672
2022-11-06,"21,331","21,373","21,151","21,206",31061573100.60496
2022-11-07,"21,206","21,211","20,601","20,809",50602704770.81252
2022-11-08,"20,808","20,831","17,484","18,177",91750982446.38734
2022-11-09,"18,174","18,718","16,107","16,199",92144963385.0274
2022-11-10,"16,213","18,126","15,554","18,079",74978675390.59279
2022-11-11,"18,059","18,085","16,351","16,569",65200666543.364624
2022-11-12,"16,575","17,081","16,574","16,796",45030331310.74984
2022-11-13,"16,796","16,914","16,421","16,461",21893997140.86048
2022-11-14,"16,461","17,132","15,800","16,250",20411619109.007805
2022-11-15,"16,250","17,098","16,242","16,825",37539226046.106285
2022-11-16,"16,827","16,980","16,382","16,560",28676275678.9418
2022-11-17,"16,560","16,742","16,408","16,684",26922027947.40892
2022-11-18,"16,684","16,975","16,537","16,617",22011291267.356167
2022-11-19,"16,614","16,699","16,546","16,618",20942172141.414623
2022-11-20,"16,618","16,797","16,445","16,513",10844466289.901129
2022-11-21,"16,513","16,513","15,591","15,768",15680401749.95844
2022-11-22,"15,768","16,270","15,480","16,116",31057277097.34788
2022-11-23,"16,116","16,671","16,069","16,590",25091849198.571053
2022-11-24,"16,591","16,779","16,445","16,554",26858079944.170044
2022-11-25,"16,554","16,615","16,346","16,517",20949512927.386944
2022-11-26,"16,517","16,685","16,421","16,495",18933018587.76629
2022-11-27,"16,495","16,585","16,387","16,552",18243019109.753235
2022-11-28,"16,552","16,586","16,006","16,256",16551822516.185429
2022-11-29,"16,252","16,530","16,097","16,488",24566056814.212288
2022-11-30,"16,488","17,142","16,426","17,092",24663035431.352062
2022-12-01,"17,093","17,301","16,902","16,912",30676053555.32337
2022-12-02,"16,912","17,101","16,805","17,035",23319572025.36399
2022-12-03,"17,035","17,146","16,907","16,936",20945433171.615204
2022-12-04,"16,936","17,154","16,869","17,093",16931408153.950111
2022-12-05,"17,093","17,413","16,881","16,939",18214353301.13762
2022-12-06,"16,939","17,100","16,916","16,993",23204017213.929634
2022-12-07,"16,993","17,130","16,700","16,826",21026126511.19885
2022-12-08,"16,826","17,293","16,752","17,198",21192130005.603653
2022-12-09,"17,199","17,338","17,088","17,101",22674029585.253864
2022-12-10,"17,101","17,220","17,077","17,173",23179829829.17013
2022-12-11,"17,173","17,259","17,094","17,105",14234368489.84426
2022-12-12,"17,105","17,145","16,883","17,121",15681124918.738192
2022-12-13,"17,122","17,955","17,094","17,752",21633829199.48912
2022-12-14,"17,752","18,357","17,677","17,775",28941242217.591747
2022-12-15,"17,774","17,874","17,327","17,419",27267536668.811485
2022-12-16,"17,419","17,520","16,762","16,877",22754686787.817104
2022-12-17,"16,877","16,887","16,539","16,706",22250411214.773224
2022-12-18,"16,706","16,798","16,669","16,760",15086383815.776106
2022-12-19,"16,760","16,832","16,531","16,595",11134054723.147482
2022-12-20,"16,595","17,046","16,288","16,862",17719672544.8918
2022-12-21,"16,861","16,924","16,738","16,780",24938219697.886032
2022-12-22,"16,780","16,863","16,566","16,781",16062767787.358068
2022-12-23,"16,780","16,917","16,764","16,804",17847826941.681046
2022-12-24,"16,804","16,854","16,763","16,842",16765392449.950891
2022-12-25,"16,842","16,851","16,734","16,768",10169853734.117493
2022-12-26,"16,768","16,912","16,766","16,839",12574453968.75801
2022-12-27,"16,839","16,962","16,601","16,655",12574997282.039291
2022-12-28,"16,655","16,772","16,560","16,589",17436062121.5136
2022-12-29,"16,588","16,650","16,468","16,596",19113614755.87469
2022-12-30,"16,595","16,643","16,353","16,561",15683731676.998154
2022-12-31,"16,561","16,629","16,529","16,556",17497327983.349342
2023-01-01,"16,556","16,617","16,469","16,599",12013247678.029589
2023-01-02,"16,599","16,760","16,547","16,723",9799252684.089952
2023-01-03,"16,723","16,776","16,603","16,658",13023861027.769472
2023-01-04,"16,657","16,983","16,645","16,802",15367167883.495031
2023-01-05,"16,802","16,871","16,762","16,854",20836560771.72364
2023-01-06,"16,854","17,018","16,692","16,892",14919039445.1069
2023-01-07,"16,892","16,977","16,887","16,942",19046576249.72856
2023-01-08,"16,942","17,009","16,913","16,965",9594456673.448977
2023-01-09,"16,965","17,391","16,948","17,212",11841041542.993702
2023-01-10,"17,212","17,489","17,133","17,475",25532751567.19817
2023-01-11,"17,475","17,574","17,320","17,554",21858206845.29233
2023-01-12,"17,554","19,065","17,518","19,062",25439279072.98185
2023-01-13,"19,062","19,488","18,719","19,474",48025109150.17737
2023-01-14,"19,474","21,237","19,390","20,879",39514419053.17687
2023-01-15,"20,879","21,066","20,575","20,908",49498711311.53301
2023-01-16,"20,908","21,430","20,633","21,284",23072133987.553684
2023-01-17,"21,284","21,536","20,873","21,380",34809391745.54498
2023-01-18,"21,381","21,602","20,412","20,724",33278841336.508595
2023-01-19,"20,725","21,186","20,641","21,102",40612056908.80891
2023-01-20,"21,102","22,352","20,882","22,281",29144534677.57505
2023-01-21,"22,288","23,344","22,226","23,116",41321936668.62795
2023-01-22,"23,116","23,214","22,320","22,451",44077026803.66082
2023-01-23,"22,453","23,159","22,326","23,019",34124364415.43915
2023-01-24,"23,020","23,158","22,737","23,023",36750647385.65293
2023-01-25,"23,022","23,074","22,350","22,934",35621897292.95152
2023-01-26,"22,935","23,800","22,845","23,117",42772537174.72366
2023-01-27,"23,116","23,500","22,558","23,112",37099702812.22777
2023-01-28,"23,112","23,200","22,895","22,972",36109035905.258965
2023-01-29,"22,972","23,950","22,955","23,703",19567219823.87809
2023-01-30,"23,703","23,874","22,589","22,691",38438621263.58117
2023-01-31,"22,691","23,211","22,545","23,101",38594596831.97205
2023-02-01,"23,101","23,650","22,800","23,565",32683643418.329483
2023-02-02,"23,569","24,244","23,542","23,863",37452064508.17389
2023-02-03,"23,865","23,919","23,226","23,339",44735297656.69828
2023-02-04,"23,338","23,581","23,271","23,416",41267040610.76361
2023-02-05,"23,416","23,447","22,772","22,889",21063097082.257824
2023-02-06,"22,889","23,147","22,645","23,008",26678691424.549904
2023-02-07,"23,008","23,341","22,646","23,209",33963650031.470352
2023-02-08,"23,209","23,435","22,680","22,840",38850594358.69947
2023-02-09,"22,838","23,005","21,850","22,000",34247782005.793324
2023-02-10,"22,000","22,003","21,550","21,730",51161546272.35185
2023-02-11,"21,730","21,772","21,490","21,677",42389972640.44812
2023-02-12,"21,677","22,087","21,671","21,970",23574706405.838543
2023-02-13,"21,970","21,977","21,376","21,672",25877166000.55028
2023-02-14,"21,672","22,320","21,581","22,257",36761909546.14395
2023-02-15,"22,257","24,277","22,059","24,148",45363697019.73754
2023-02-16,"24,148","25,243","24,032","24,559",44336284482.19016
2023-02-17,"24,560","25,009","23,360","24,822",48144978044.45546
2023-02-18,"24,823","24,871","24,083","24,600",54200707340.94142
2023-02-19,"24,600","25,188","24,283","24,519",24900444765.27695
2023-02-20,"24,519","25,107","23,862","24,807",33664683478.33256
2023-02-21,"24,807","25,243","24,295","24,467",38997046274.497246
2023-02-22,"24,467","24,531","23,596","23,791",41991954878.4476
2023-02-23,"23,791","24,597","23,624","23,939",40336608135.49699
2023-02-24,"23,940","24,123","22,874","23,223",42356618035.349625
2023-02-25,"23,222","23,231","22,791","22,924",35081974267.07997
2023-02-26,"22,924","23,680","22,860","23,646",22999909593.10942
2023-02-27,"23,646","23,885","23,132","23,323",24469102669.371048
2023-02-28,"23,322","23,595","23,178","23,282",28832423816.47872
2023-03-01,"23,281","23,977","23,035","23,414",25534054046.06684
2023-03-02,"23,415","23,791","23,210","23,464",32507897259.08433
2023-03-03,"23,466","23,550","22,021","22,303",27432755758.4402
2023-03-04,"22,303","22,404","22,161","22,249",34239649135.07021
2023-03-05,"22,249","22,643","22,171","22,412",13392431931.930376
2023-03-06,"22,412","22,592","22,285","22,351",16080097920.160831
2023-03-07,"22,351","22,549","21,944","22,057",21124920006.05772
2023-03-08,"22,057","22,272","21,872","22,093",27780357943.16268
2023-03-09,"22,093","22,108","20,078","20,120",28493032424.783108
2023-03-10,"20,118","20,475","19,580","19,977",40173833477.66077
2023-03-11,"19,977","20,880","19,865","20,535",51593890225.48742
2023-03-12,"20,535","21,582","20,453","21,072",37746654239.61721
2023-03-13,"21,073","24,574","21,056","24,353",36639901908.82403
2023-03-14,"24,354","26,502","24,054","25,135",66799159801.95812
2023-03-15,"25,164","25,269","23,946","24,423",70714394276.37074
2023-03-16,"24,423","25,200","24,224","25,022",63107437928.81401
2023-03-17,"25,022","26,999","24,697","26,886",60688056874.81415
2023-03-18,"26,887","27,818","26,651","27,425",64617615617.80156
2023-03-19,"27,425","28,434","26,896","28,335",46473651090.578415
2023-03-20,"28,336","28,554","27,236","27,865",46394763656.03816
2023-03-21,"27,865","28,492","27,423","28,209",55315948514.426994
2023-03-22,"28,210","28,889","26,736","26,736",34430928756.27183
2023-03-23,"26,742","28,800","26,685","28,430",35394833933.50181
2023-03-24,"28,429","28,480","27,495","27,849",20360807194.56342
2023-03-25,"27,849","27,883","27,059","27,217",21551272690.41361
2023-03-26,"27,220","28,211","27,191","27,859",15053754845.31385
2023-03-27,"27,859","28,162","26,545","26,968",14450374261.063795
2023-03-28,"26,970","27,502","26,669","27,430",18519053231.63728
2023-03-29,"27,432","28,633","27,132","28,407",17658503318.910484
2023-03-30,"28,415","29,173","27,730","27,983",21097595427.48953
2023-03-31,"27,983","28,645","27,546","28,465",22702531379.35043
2023-04-01,"28,472","28,801","28,273","28,396",19112345639.9622
2023-04-02,"28,396","28,584","27,880","27,958",10085380788.870918
2023-04-03,"27,959","28,498","27,586","28,087",11682876586.814528
2023-04-04,"28,087","28,430","27,273","28,195",19711493345.47604
2023-04-05,"28,196","28,778","27,839","28,253",14871614372.831093
2023-04-06,"28,253","28,304","27,730","28,031",16507617903.813946
2023-04-07,"28,032","28,133","27,800","27,920",13079528995.139923
2023-04-08,"27,920","28,165","27,868","27,940",10141276803.893911
2023-04-09,"27,941","28,264","27,824","28,151",8844199146.1801
2023-04-10,"28,151","29,314","28,115","29,195",11429030269.731691
2023-04-11,"29,195","30,549","29,099","30,164",17475381731.251884
2023-04-12,"30,164","30,500","29,699","29,801",18320296514.777645
2023-04-13,"29,812","30,607","29,797","30,363",18407698928.06657
2023-04-14,"30,363","31,020","30,019","30,347",16404033694.47376
2023-04-15,"30,345","30,610","30,243","30,357",20984067684.216217
2023-04-16,"30,357","30,563","30,163","30,332",11028264273.146706
2023-04-17,"30,333","30,426","29,267","29,485",11188035367.077024
2023-04-18,"29,485","30,480","29,136","30,239",16771824487.579355
2023-04-19,"30,239","30,453","29,045","29,239",18078539248.52104
2023-04-20,"29,239","29,317","28,010","28,100",24136616861.63636
2023-04-21,"28,099","28,358","27,208","27,281",21695904964.79905
2023-04-22,"27,281","27,775","27,153","27,629",20420333533.71415
2023-04-23,"27,629","27,878","27,354","27,477",11700230849.968126
2023-04-24,"27,478","27,992","27,000","27,380",11435645306.771605
2023-04-25,"27,381","27,761","27,206","27,623",16443099944.64734
2023-04-26,"27,622","30,008","27,622","27,911",17061823985.865343
2023-04-27,"27,910","29,882","27,274","29,683",30540034741.28477
2023-04-28,"29,687","29,777","28,932","29,342",26238597379.49954
2023-04-29,"29,343","29,456","29,078","29,262",18730801539.18156
2023-04-30,"29,262","29,961","29,117","29,380",9711415138.827158
2023-05-01,"29,380","29,506","27,818","27,849",14707008604.647
2023-05-02,"27,847","28,891","27,684","28,710",19980169281.008976
2023-05-03,"28,709","28,831","28,168","28,343",17699097406.188805
2023-05-04,"28,343","29,367","28,307","28,898",19944381490.560024
2023-05-05,"28,898","29,690","28,777","29,578",12676760580.080193
2023-05-06,"29,589","29,849","28,445","28,902",4971523630.54862
2023-05-07,"28,902","29,169","28,712","28,952",6463808309.438925
2023-05-08,"28,951","28,983","27,321","27,345",10199066943.170338
2023-05-09,"27,346","27,823","27,295","27,719",21535578788.860283
2023-05-10,"27,719","28,325","26,855","27,710",8876813250.933558
2023-05-11,"27,710","27,986","26,750","26,851",17159331951.189877
2023-05-12,"26,851","27,088","25,855","26,478",7754296234.077171
2023-05-13,"26,475","27,047","26,376","26,863",9157286238.193071
2023-05-14,"26,862","27,194","26,613","26,892",8365379054.202115
2023-05-15,"26,892","27,661","26,765","27,415",6019488454.419681
2023-05-16,"27,415","27,421","26,873","26,941",14570026781.747086
2023-05-17,"26,941","27,426","26,580","27,375",12927093920.902998
2023-05-18,"27,376","27,467","26,392","26,758",12580626234.913448
2023-05-19,"26,758","27,169","26,657","26,840",12599487111.93878
2023-05-20,"26,840","27,155","26,818","27,073",11559136131.368769
2023-05-21,"27,073","27,269","26,818","26,912",3882362454.219783
2023-05-22,"26,912","27,090","26,552","26,856",8125825605.684245
2023-05-23,"26,857","27,455","26,810","27,195",8025716966.179398
2023-05-24,"27,195","27,254","26,090","26,243",11685763863.312372
2023-05-25,"26,243","26,600","25,887","26,474",17477200137.10873
2023-05-26,"26,474","26,939","26,341","26,778",11953749225.494
2023-05-27,"26,779","26,849","26,591","26,744",10994037071.45216
2023-05-28,"26,744","27,725","26,740","27,535",6029471707.897409
2023-05-29,"27,535","28,441","27,535","27,648",13144599279.47902
2023-05-30,"27,648","28,046","27,574","27,854",13483205892.539597
2023-05-31,"27,855","27,869","26,860","27,015",12766436369.815956
2023-06-01,"27,014","27,342","26,640","26,864",10001106221.647074
2023-06-02,"26,864","27,289","26,535","27,239",12156086970.872988
2023-06-03,"27,247","27,331","27,050","27,108",15428145241.775955
2023-06-04,"27,108","27,296","26,950","27,220",6673279605.629511
2023-06-05,"27,220","27,456","25,424","25,628",6098045626.047618
2023-06-06,"25,628","27,186","25,393","27,098",21208433571.87331
2023-06-07,"27,095","27,377","26,269","26,490",22188018260.83246
2023-06-08,"26,489","26,809","26,146","26,545",14723854336.09437
2023-06-09,"26,544","26,772","26,312","26,402",10197924963.780262
2023-06-10,"26,402","26,522","25,460","25,743",10464066236.48124
2023-06-11,"25,761","26,106","25,668","26,045",9755626714.244692
2023-06-12,"26,046","26,202","25,649","25,825",10439993428.365507
2023-06-13,"25,825","26,406","25,720","25,891",9761691909.31603
2023-06-14,"25,892","26,064","25,786","25,869",9921875985.888603
2023-06-15,"25,868","25,870","24,790","25,430",11982737579.702812
2023-06-16,"25,430","26,468","25,214","26,371",15184095954.029512
2023-06-17,"26,371","26,756","26,174","26,469",13604025863.641972
2023-06-18,"26,469","26,650","26,394","26,645",9533422254.890305
2023-06-19,"26,645","27,032","26,259","26,669",8589379740.11672
2023-06-20,"26,669","28,150","26,648","27,999",6651894946.454161
2023-06-21,"27,999","30,770","27,893","30,120",19958565664.552258
2023-06-22,"30,121","30,500","29,575","30,229",23757254196.777027
2023-06-23,"30,228","31,412","29,823","30,903",19613389213.798763
2023-06-24,"30,904","30,968","30,278","30,640",22630955878.97284
2023-06-25,"30,640","31,042","30,356","30,423",11736119929.84371
2023-06-26,"30,423","30,646","29,950","30,269",12076819255.30491
2023-06-27,"30,260","31,008","30,126","30,679",16032184116.631308
2023-06-28,"30,678","30,733","29,874","30,104",14411853963.110468
2023-06-29,"30,103","30,824","29,961","30,593",8489428028.028098
2023-06-30,"30,594","31,259","29,470","30,399",12545425127.446297
2023-07-01,"30,399","30,640","30,324","30,614",21422361050.823097
2023-07-02,"30,614","30,673","30,192","30,558",4210431244.432685
2023-07-03,"30,559","31,376","30,469","31,262",7236318143.905301
2023-07-04,"31,262","31,321","30,638","30,707",14755008156.77765
2023-07-05,"30,707","30,872","30,200","30,437",12403890725.264544
2023-07-06,"30,441","31,505","29,897","30,312",10260132141.46154
2023-07-07,"30,312","30,441","29,737","30,236",21776707863.50336
2023-07-08,"30,236","30,378","30,062","30,118",13018507892.814608
2023-07-09,"30,118","30,431","30,075","30,249",5608541981.756295
2023-07-10,"30,249","30,841","29,966","30,837",7559670230.189486
2023-07-11,"30,838","31,033","30,221","30,587",12835219756.96589
2023-07-12,"30,587","30,968","30,223","30,280",11753418050.421658
2023-07-13,"30,280","31,809","30,242","31,664",13072555444.26232
2023-07-14,"31,665","31,718","29,947","30,119",21254274345.702217
2023-07-15,"30,119","30,392","30,000","30,341",21977151420.85325
2023-07-16,"30,341","30,444","30,083","30,272",6233916918.782722
2023-07-17,"30,272","30,368","29,679","29,903",8356410453.563714
2023-07-18,"29,903","30,272","29,551","29,717",10974383371.546566
2023-07-19,"29,719","30,186","29,707","30,046",13152758553.030825
2023-07-20,"30,046","30,411","29,593","29,745",8545620844.326587
2023-07-21,"29,745","30,055","29,674","29,879",11117456853.464512
2023-07-22,"29,879","29,988","29,811","29,839",8492627980.9282
2023-07-23,"29,839","30,332","29,650","30,086",6745541064.873876
2023-07-24,"30,086","30,143","28,872","29,104",7427606999.412798
2023-07-25,"29,104","29,365","29,057","29,202",15195244950.83804
2023-07-26,"29,202","29,470","29,109","29,401",7929844775.363448
2023-07-27,"29,401","29,674","29,086","29,156",13088677750.42505
2023-07-28,"29,156","29,526","29,123","29,317",9047649539.81237
2023-07-29,"29,315","29,399","29,262","29,342",7682754827.054111
2023-07-30,"29,342","29,443","29,123","29,195",4882536540.911603
2023-07-31,"29,195","29,508","29,055","29,140",7872881636.625643
2023-08-01,"29,141","29,337","28,574","29,262",6641808341.386258
2023-08-02,"29,262","30,012","28,934","29,134",15289922840.873833
2023-08-03,"29,134","29,390","28,956","29,261",19266318894.08652
2023-08-04,"29,261","29,329","28,940","28,992",12539132810.40034
2023-08-05,"28,992","29,105","28,800","29,038",12112869085.655884
2023-08-06,"29,038","29,096","28,962","29,048",5335308729.48437
2023-08-07,"29,048","29,168","28,675","29,112",5360283576.269965
2023-08-08,"29,113","29,960","29,091","29,883",13252185122.112452
2023-08-09,"29,883","30,193","29,388","29,394",14603570418.91888
2023-08-10,"29,394","29,696","29,333","29,395",14633310097.491425
2023-08-11,"29,395","29,525","29,233","29,360",8106253519.025447
2023-08-12,"29,360","29,471","29,354","29,403",4651950357.636653
2023-08-13,"29,403","29,440","29,312","29,424",3994297895.288944
2023-08-14,"29,424","29,662","29,100","29,324",4755220448.634491
2023-08-15,"29,324","29,444","29,074","29,153",12408355477.111338
2023-08-16,"29,153","29,221","28,928","29,089",11523395157.99864
2023-08-17,"29,085","29,105","27,705","27,857",14809979642.373243
2023-08-18,"27,857","27,878","25,392","26,028",29965585683.42136
2023-08-19,"26,029","26,251","25,800","26,129",18062351745.50358
2023-08-20,"26,129","26,206","25,997","26,135",3355038748.9824667
2023-08-21,"26,135","26,274","25,831","26,095",8304370131.833873
2023-08-22,"26,094","26,222","25,729","25,768",9377753161.447634
2023-08-23,"25,768","26,789","25,381","26,632",13702941053.015312
2023-08-24,"26,632","26,708","25,878","26,006",14600566342.214417
2023-08-25,"26,006","26,279","25,771","25,956",11961319630.81013
2023-08-26,"25,956","26,098","25,947","26,029",2582213805.5461373
2023-08-27,"26,029","26,167","25,965","26,113",3420999388.355067
2023-08-28,"26,113","26,223","25,863","25,981",4743752357.401259
2023-08-29,"25,981","28,128","25,915","27,852",9995933796.2508
2023-08-30,"27,851","27,878","27,051","27,182",29462388818.839893
2023-08-31,"27,181","27,528","25,960","26,161",16029914124.395369
2023-09-01,"26,161","26,178","25,337","25,622",20360682650.055054
2023-09-02,"25,622","25,974","25,560","25,832",15924588668.893366
2023-09-03,"25,832","26,040","25,819","26,002",8203515572.755595
2023-09-04,"26,002","26,105","25,732","25,884",8301138495.084562
2023-09-05,"25,884","25,907","25,581","25,676",6700578092.438599
2023-09-06,"25,676","25,999","25,394","25,656",7633735596.705433
2023-09-07,"25,657","25,952","25,609","25,877",12225427270.62692
2023-09-08,"25,877","26,414","25,664","25,882",4521997781.160889
2023-09-09,"25,883","25,926","25,804","25,868",8058794338.820984
2023-09-10,"25,868","25,910","25,608","25,800",404806432.5216888
2023-09-11,"25,800","26,006","24,963","25,006",6603006234.083502
2023-09-12,"25,006","26,503","24,926","26,074",14859931201.000029
2023-09-13,"26,074","26,395","25,777","26,156",16825266473.04872
2023-09-14,"26,156","26,824","26,153","26,686",12975855576.243193
2023-09-15,"26,686","26,710","26,227","26,410",11739428177.432598
2023-09-16,"26,410","26,872","26,384","26,542",9768889419.723415
2023-09-17,"26,542","26,616","26,444","26,512",1224363671.9175522
2023-09-18,"26,512","27,420","26,413","26,834",5791146184.464804
2023-09-19,"26,834","27,491","26,678","27,198",16477839825.05836
2023-09-20,"27,198","27,382","26,846","26,938",12615959842.229397
2023-09-21,"26,938","27,234","26,379","26,607",13497179076.831764
2023-09-22,"26,607","26,731","26,491","26,539",8169328790.751264
2023-09-23,"26,539","26,635","26,496","26,614",9968041758.936825
2023-09-24,"26,614","26,718","26,392","26,455",6583511185.708387
2023-09-25,"26,455","26,520","26,005","26,336",7226298594.495522
2023-09-26,"26,335","26,418","26,091","26,241",11974957450.276283
2023-09-27,"26,241","26,819","26,098","26,241",9786025048.05344
2023-09-28,"26,241","27,287","26,208","27,105",12889674588.31686
2023-09-29,"27,106","27,226","26,713","26,921",16683207554.844349
2023-09-30,"26,921","27,089","26,867","27,031",9059145545.41355
2023-10-01,"27,031","27,281","26,959","27,105",6295435107.555985
2023-10-02,"27,105","28,565","27,061","27,969",9358226524.285364
2023-10-03,"27,970","27,971","27,258","27,268",18127133423.88185
2023-10-04,"27,269","27,825","27,194","27,627",12676657038.293432
2023-10-05,"27,627","28,112","27,374","27,487",10876597601.123323
2023-10-06,"27,487","28,054","27,195","27,972",13376186563.311192
2023-10-07,"27,973","28,226","27,874","27,884",13817979024.520027
2023-10-08,"27,884","28,106","27,733","27,907",7226218924.820883
2023-10-09,"27,907","27,996","27,297","27,614",7141598446.869208
2023-10-10,"27,614","27,727","27,298","27,400",7640029989.224315
2023-10-11,"27,400","27,472","26,541","26,759",10151720983.669058
2023-10-12,"26,759","26,930","26,554","26,706",14608441295.942532
2023-10-13,"26,706","26,933","26,678","26,770",10867640258.925844
2023-10-14,"26,771","27,104","26,744","26,869",14344414895.617512
2023-10-15,"26,869","27,078","26,813","27,043",5543160607.188677
2023-10-16,"27,043","29,977","27,021","28,465",6604845643.42894
2023-10-17,"28,465","28,635","28,108","28,521",22792799561.834
2023-10-18,"28,521","28,964","28,168","28,262",10403248077.491972
2023-10-19,"28,262","28,893","28,167","28,765",13461030457.558895
2023-10-20,"28,765","30,188","28,601","29,578",11193923144.463654
2023-10-21,"29,578","30,313","29,484","30,173",23561406297.715862
2023-10-22,"30,173","30,214","29,712","29,855",7452489477.484937
2023-10-23,"29,855","31,438","29,735","31,393",11330304246.065748
2023-10-24,"31,392","35,145","31,350","33,811",35558857925.14893
2023-10-25,"33,810","35,124","33,497","34,774",46464714676.18555
2023-10-26,"34,773","34,842","33,752","34,066",23840463172.49865
2023-10-27,"34,064","34,283","33,415","33,688",17712548549.578587
2023-10-28,"33,688","34,445","33,688","34,124",14148818689.499771
2023-10-29,"34,124","34,748","33,954","34,580",8431785274.868206
2023-10-30,"34,580","34,842","34,110","34,447",10359013389.425524
2023-10-31,"34,447","34,610","34,067","34,545",17075173423.648045
2023-11-01,"34,545","35,184","34,142","34,567",16419150928.652369
2023-11-02,"34,567","35,939","34,337","34,996",18642295524.912045
2023-11-03,"34,997","35,104","34,126","34,546",20690186421.955303
2023-11-04,"34,546","34,952","34,512","34,758",17254049537.002068
2023-11-05,"34,758","35,327","34,742","35,040",10001404422.938835
2023-11-06,"35,040","35,371","34,570","35,027",12796779677.519655
2023-11-07,"35,027","35,894","34,546","35,685",12717348149.539808
2023-11-08,"35,683","35,761","35,146","35,629",18582602380.374496
2023-11-09,"35,628","37,960","35,413","36,556",14717120833.223528
2023-11-10,"36,556","37,458","36,360","37,259",38190964507.15763
2023-11-11,"37,259","37,520","36,937","37,015",23152060053.421646
2023-11-12,"37,015","37,231","36,766","37,146",12033297219.971031
2023-11-13,"37,146","37,419","36,593","36,778",8831221164.408867
2023-11-14,"36,779","36,792","34,971","35,287",18041088204.36723
2023-11-15,"35,286","37,855","35,232","37,562",22330924588.059715
2023-11-16,"37,562","37,964","35,534","35,948",28479730068.295124
2023-11-17,"35,948","36,684","35,849","36,501",12023334732.149555
2023-11-18,"36,501","36,841","36,226","36,619",22683923623.96373
2023-11-19,"36,619","37,037","36,416","36,936",8877846889.346693
2023-11-20,"36,935","37,766","36,843","37,573",12599067947.734495
2023-11-21,"37,573","37,656","36,296","36,942",16005284775.311718
2023-11-22,"36,943","37,636","35,675","37,635",18891503534.641026
2023-11-23,"37,635","37,855","36,915","37,289",25245202377.321384
2023-11-24,"37,289","38,416","37,230","37,861",11956046626.60703
2023-11-25,"37,861","37,958","37,619","37,817",22996708651.54232
2023-11-26,"37,817","37,830","37,178","37,595",7505379785.011788
2023-11-27,"37,595","37,755","36,752","36,816",10229112671.374176
2023-11-28,"36,816","38,403","36,805","38,286",17979133247.880783
2023-11-29,"38,282","38,385","37,610","37,651",19715537240.688644
2023-11-30,"37,651","38,146","37,523","37,758",20964545194.804527
2023-12-01,"37,758","38,984","37,627","38,770",16566770727.560837
2023-12-02,"38,770","39,610","38,664","39,552",24470176251.56647
2023-12-03,"39,554","39,830","39,307","39,585",14892418344.328642
2023-12-04,"39,585","42,140","39,585","41,775",14107800648.629309
2023-12-05,"41,774","44,080","41,419","43,772",40273974905.38232
2023-12-06,"43,771","44,445","43,429","43,803",37740677039.99004
2023-12-07,"43,803","44,039","42,879","43,241",30306637687.60117
2023-12-08,"43,241","44,428","43,113","44,393",27712048105.023373
2023-12-09,"44,394","44,724","43,767","43,993",24726661392.984177
2023-12-10,"43,993","44,078","43,622","43,956",17074228506.041449
2023-12-11,"43,956","44,042","40,219","40,804",11865167562.179708
2023-12-12,"40,804","42,067","40,662","41,215",39734542163.66172
2023-12-13,"41,214","42,889","40,658","42,888",24919333990.62709
2023-12-14,"42,888","43,430","41,739","42,933",26301358636.124893
2023-12-15,"42,934","43,176","41,684","42,245",22978695605.48269
2023-12-16,"42,244","42,665","41,681","42,302",17134765249.072596
2023-12-17,"42,302","42,360","41,564","42,077",13524832238.374014
2023-12-18,"42,077","42,077","40,522","41,941",16536428696.461372
2023-12-19,"41,941","43,409","41,815","42,211",26473040426.60815
2023-12-20,"42,210","44,286","42,199","43,453",23402523667.558952
2023-12-21,"43,454","44,244","43,318","43,776",28334648885.87903
2023-12-22,"43,776","44,396","43,435","43,685",21948638202.58336
2023-12-23,"43,685","44,069","43,349","43,732",20833936534.62855
2023-12-24,"43,732","43,952","43,447","43,530",9872050975.657969
2023-12-25,"43,530","43,788","42,716","43,422",18313974069.82276
2023-12-26,"43,422","43,718","41,689","42,154",18744716867.39297
2023-12-27,"42,154","43,562","42,123","43,498",20477744539.87234
2023-12-28,"43,498","43,812","42,314","42,521",23244754807.44397
2023-12-29,"42,521","43,121","41,689","42,023",20336573643.81929
2023-12-30,"42,023","42,581","41,386","42,283",24832397519.050613
2023-12-31,"42,283","42,844","41,990","42,537",14727224645.41767
2024-01-01,"42,537","43,830","42,084","43,683",14183728910.169804
2024-01-02,"43,683","45,913","43,413","44,818",16958999497.58364
2024-01-03,"44,818","45,490","40,838","42,740",39089952715.54279
2024-01-04,"42,739","44,640","42,624","44,180",43146162597.56747
2024-01-05,"44,180","44,781","42,708","43,997",26123887042.79777
2024-01-06,"43,997","44,318","43,467","43,856",29364675804.010384
2024-01-07,"43,856","44,487","43,780","44,158",11841102132.239351
2024-01-08,"44,158","47,257","43,240","46,799",15144653805.362787
2024-01-09,"46,800","47,228","45,808","46,651",40821502383.50064
2024-01-10,"46,651","47,902","44,386","46,159",39887918405.77868
2024-01-11,"46,159","49,042","45,227","46,221",52030057180.57072
2024-01-12,"46,220","46,498","43,196","43,656",49198128806.306175
2024-01-13,"43,656","43,845","41,595","42,861",45913301456.05085
2024-01-14,"42,861","43,057","42,336","42,491",19424747840.478382
2024-01-15,"42,491","43,313","41,696","42,895",16968959097.076525
2024-01-16,"42,895","43,383","42,076","43,170",22634527323.56315
2024-01-17,"43,171","43,558","42,186","42,648",22023116042.27529
2024-01-18,"42,646","42,873","40,618","40,786",21299064875.187115
2024-01-19,"40,776","42,132","40,280","41,513",25160430945.28984
2024-01-20,"41,515","41,770","41,436","41,714",24407872954.726807
2024-01-21,"41,715","41,848","41,525","41,626",9533488489.00503
2024-01-22,"41,627","41,770","39,424","40,123",8032696833.695371
2024-01-23,"40,124","40,138","38,515","39,162",31202848830.101707
2024-01-24,"39,159","40,502","39,043","39,563",29683327703.0343
2024-01-25,"39,553","40,266","39,468","39,766",22217129215.385586
2024-01-26,"39,769","42,213","39,769","41,975",13376924612.77818
2024-01-27,"41,975","42,065","41,409","42,056",22681602408.52447
2024-01-28,"42,056","42,809","41,686","41,943",10694258830.371908
2024-01-29,"41,943","43,292","41,659","43,158",13669905344.783924
2024-01-30,"43,158","43,834","43,077","43,560",20680322267.00365
2024-01-31,"43,560","43,726","42,342","42,519",24526664209.3586
2024-02-01,"42,519","43,251","41,872","42,979",22197944957.07849
2024-02-02,"42,980","43,430","42,559","42,932",22443682768.722225
2024-02-03,"42,931","43,348","42,878","43,049",18624791426.13084
2024-02-04,"43,049","43,092","42,556","42,852",7779819312.310763
2024-02-05,"42,852","43,506","42,253","42,375",11250814654.362
2024-02-06,"42,374","43,351","42,295","43,074",18682275991.6268
2024-02-07,"43,074","44,238","42,770","44,116",17131113853.23615
2024-02-08,"44,116","45,600","44,116","45,508",21200879624.73537
2024-02-09,"45,508","48,153","45,263","47,543",27709605138.49859
2024-02-10,"47,544","48,155","46,900","47,894",41993952311.122856
2024-02-11,"47,894","48,580","47,596","48,055",16461159742.317774
2024-02-12,"48,055","50,314","47,734","50,190",13196875460.84672
2024-02-13,"50,190","50,369","48,380","49,424",37684440686.70893
2024-02-14,"49,424","52,052","49,282","51,713",37331081151.024765
2024-02-15,"51,714","52,839","51,518","51,721",41805076939.80903
2024-02-16,"51,721","52,580","51,370","51,842",31991869491.056656
2024-02-17,"51,843","52,246","50,662","51,533",24850432117.896576
2024-02-18,"51,533","52,056","51,216","51,791",19851884283.15723
2024-02-19,"51,791","52,489","51,708","51,811",17025880430.565874
2024-02-20,"51,811","52,974","50,789","52,018",22555121071.55909
2024-02-21,"52,018","52,509","50,677","50,978",34499627551.319275
2024-02-22,"50,978","52,019","50,927","51,963",30624246621.0974
2024-02-23,"51,963","52,001","50,640","51,101",23733644208.80861
2024-02-24,"51,101","51,680","50,543","51,510",22637679779.741
2024-02-25,"51,510","51,955","51,298","51,738",15528276123.53668
2024-02-26,"51,738","54,944","50,936","54,479",15455098216.48263
2024-02-27,"54,480","57,582","54,360","56,989",35407941475.56789
2024-02-28,"56,990","64,038","56,646","60,312",51983799587.1939
2024-02-29,"60,318","63,636","59,817","62,074",87218855804.01622
2024-03-01,"62,064","63,231","60,703","63,053",67692687247.36391
2024-03-02,"63,047","63,048","61,655","61,947",36699193361.155365
2024-03-03,"61,947","63,007","61,449","62,794",25198213831.25236
2024-03-04,"62,794","67,911","62,530","67,710",27108369390.44353
2024-03-05,"67,708","69,209","59,706","61,909",74551714626.1156
2024-03-06,"61,910","67,627","61,908","67,139",96403762012.66058
2024-03-07,"67,134","68,051","65,664","67,755",73151905042.04068
2024-03-08,"67,751","70,136","66,238","69,294",48853892626.0196
2024-03-09,"69,294","69,379","68,060","68,512",63346588227.32869
2024-03-10,"68,512","70,000","68,377","69,530",21359706190.81524
2024-03-11,"69,530","72,886","67,376","72,021",36660543917.16198
2024-03-12,"72,021","72,960","68,826","71,395",66653067165.93465
2024-03-13,"71,398","73,679","70,681","73,463",64599341551.27301
2024-03-14,"73,466","73,798","68,575","69,303",51906601043.53671
2024-03-15,"69,302","72,376","65,685","68,859",63073551321.74747
2024-03-16,"68,870","70,034","66,648","66,916",81204427005.22603
2024-03-17,"66,914","68,590","64,554","68,517",49265436012.59228
2024-03-18,"68,517","68,890","66,598","66,959",47190980586.56393
2024-03-19,"66,958","68,094","62,348","64,421",51101822566.75771
2024-03-20,"64,419","65,984","60,828","65,693",80179417876.47993
2024-03-21,"65,693","68,188","64,869","65,320",70836803714.91411
2024-03-22,"65,318","66,618","62,639","63,958",48393664548.05336
2024-03-23,"63,952","65,991","62,385","64,890",42436600223.53738
2024-03-24,"64,889","65,988","63,828","65,840",25489933245.68756
2024-03-25,"65,840","71,086","65,752","71,010",28098318940.431744
2024-03-26,"71,013","71,543","69,348","69,438",44820310272.64752
2024-03-27,"69,438","71,715","68,397","68,641",36257324508.56845
2024-03-28,"68,640","71,563","68,608","70,857",41441040887.822266
2024-03-29,"70,856","71,068","69,130","69,689",30455289338.47621
2024-03-30,"69,690","70,349","69,350","69,946",25785951735.48569
2024-03-31,"69,946","71,220","69,598","71,024",16408802301.837433
2024-04-01,"71,024","71,365","68,117","69,717",19723005998.21497
2024-04-02,"69,716","69,910","64,587","66,081",36040088988.53872
2024-04-03,"66,075","66,916","64,572","65,872",45161133992.09071
2024-04-04,"65,871","69,269","65,114","68,445",35559952961.797325
2024-04-05,"68,449","68,731","66,018","67,433",37516850709.63811
2024-04-06,"67,433","68,498","67,357","68,282",35132808695.80448
2024-04-07,"68,282","70,285","68,207","69,080",19119438138.850822
2024-04-08,"69,080","72,695","68,931","71,671",17935478429.01022
2024-04-09,"71,674","71,975","68,274","68,995",33111949671.02105
2024-04-10,"68,995","70,023","67,510","70,023",36488482038.859055
2024-04-11,"70,026","71,253","69,576","70,460",38378062633.13138
2024-04-12,"70,460","71,231","65,484","66,870",30118549149.51049
2024-04-13,"66,868","67,929","64,095","64,828",43471949726.09197
2024-04-14,"64,838","65,568","60,908","64,200",49214481480.20075
2024-04-15,"64,200","66,870","62,375","63,370",40292911692.95434
2024-04-16,"63,371","63,876","61,727","62,755",42796604938.03423
2024-04-17,"62,754","64,466","59,744","60,999",42157169474.39519
2024-04-18,"60,998","64,148","60,800","63,546",41123362075.93534
2024-04-19,"63,548","65,476","59,665","64,315",35901618166.42319
2024-04-20,"64,316","65,418","63,046","64,891",52227787323.81757
2024-04-21,"64,891","65,711","64,277","64,554",16601830590.687475
2024-04-22,"64,554","66,847","64,397","66,602",19592118541.18973
2024-04-23,"66,599","67,228","65,865","66,468",27748586313.20611
2024-04-24,"66,470","67,058","63,777","63,959",23232230785.20184
2024-04-25,"63,958","64,870","62,806","64,678",30939903322.02589
2024-04-26,"64,680","65,254","63,320","63,839",24705345525.57077
2024-04-27,"63,836","64,068","62,461","63,314",23302057197.88468
2024-04-28,"63,314","64,305","63,121","63,736",19190483386.06388
2024-04-29,"63,736","63,736","61,814","62,955",16180294651.046637
2024-04-30,"62,955","64,684","59,109","59,166",27242983698.21234
2024-05-01,"59,164","60,952","56,553","56,979",39533113322.04938
2024-05-02,"56,975","59,564","56,713","59,336",51109380171.69261
2024-05-03,"59,338","62,153","58,719","62,096",28255509745.49032
2024-05-04,"62,095","64,505","62,013","63,939",33591665812.21244
2024-05-05,"63,939","64,591","62,954","63,883",20510614461.479218
2024-05-06,"63,884","65,471","62,739","63,193",18115695040.201984
2024-05-07,"63,193","64,380","62,820","63,040",17917770174.27797
2024-05-08,"63,040","63,173","61,790","62,162",19925137720.849453
2024-05-09,"62,162","62,642","60,655","62,456",20303831135.373127
2024-05-10,"62,456","63,453","60,233","60,626",25837724247.550423
2024-05-11,"60,627","61,443","60,457","61,121",23987518755.480534
2024-05-12,"61,121","61,818","60,626","61,386",12120618802.065384
2024-05-13,"61,386","63,419","60,758","63,126",13045696108.912676
2024-05-14,"63,127","63,169","61,118","61,553",27740460083.60181
2024-05-15,"61,553","66,450","61,334","66,088",21581895152.31416
2024-05-16,"66,088","66,666","64,620","65,169",38101793065.15294
2024-05-17,"65,168","67,459","65,068","67,046",29114585833.34968
2024-05-18,"67,049","67,380","66,656","66,937",25397793918.99353
2024-05-19,"66,937","67,674","65,927","66,044",13025487675.845127
2024-05-20,"66,044","70,058","66,009","70,058",9072734600.009218
2024-05-21,"70,058","71,935","68,958","69,278",35923476641.4359
2024-05-22,"69,278","70,605","69,220","69,584",41105056578.01701
2024-05-23,"69,584","70,010","66,736","67,075",31059440495.91766
2024-05-24,"67,076","69,242","66,439","69,202",39235702119.25446
2024-05-25,"69,198","69,568","68,511","69,153",28127411967.182774
2024-05-26,"69,153","69,459","68,661","68,861",15929396750.116022
2024-05-27,"68,861","70,581","68,231","69,216",11243743771.147911
2024-05-28,"69,217","69,778","67,235","68,369",18983806932.464344
2024-05-29,"68,368","68,837","67,110","67,186",31278122196.185
2024-05-30,"67,188","69,515","67,112","68,635",24320692137.62038
2024-05-31,"68,635","68,990","66,628","67,555",25344376897.716885
2024-06-01,"67,555","67,805","67,171","67,705",19685305476.45948
2024-06-02,"67,705","68,401","67,309","67,718",10724053324.55672
2024-06-03,"67,718","70,250","67,556","69,150",16137350587.750422
2024-06-04,"69,153","71,072","68,557","70,484",29862293749.910686
2024-06-05,"70,481","71,765","70,183","71,314",31561053725.144592
2024-06-06,"71,312","71,624","70,450","70,452",32560403314.989147
2024-06-07,"70,452","71,927","68,535","69,298",23612879689.560955
2024-06-08,"69,297","69,534","68,967","69,455",18597495569.911568
2024-06-09,"69,455","69,839","69,156","69,714",10688301508.476225
2024-06-10,"69,714","70,154","69,202","69,510",10461044041.080194
2024-06-11,"69,509","69,666","66,178","67,376",19335866773.67523
2024-06-12,"67,377","69,986","66,909","67,577",38513044382.60802
2024-06-13,"67,574","68,595","66,254","66,582",36027809551.45211
2024-06-14,"66,581","67,308","65,035","65,453",29654777884.381138
2024-06-15,"65,454","66,559","65,454","66,119",27966992832.74964
2024-06-16,"66,119","66,729","65,846","66,505",13472726244.723091
2024-06-17,"66,505","67,251","65,071","66,622",12650130203.722813
2024-06-18,"66,622","66,703","64,052","64,374",29409728999.276093
2024-06-19,"64,374","65,694","64,187","64,860",41386972050.31837
2024-06-20,"64,860","66,450","64,529","64,973",21680698980.889107
2024-06-21,"64,974","65,141","63,367","64,173",26001551474.84426
2024-06-22,"64,174","64,485","63,818","64,273",24694310198.90943
2024-06-23,"64,273","64,491","63,895","64,099",6340606686.24879
2024-06-24,"64,099","64,108","59,074","59,191",10748270931.518738
2024-06-25,"59,196","62,330","58,580","61,999",42036553106.89028
2024-06-26,"61,998","62,451","60,690","60,949",21105562261.648533
2024-06-27,"60,947","62,320","60,575","61,343",22908540918.971207
2024-06-28,"61,345","62,139","59,956","59,956",18855138893.067604
2024-06-29,"59,956","61,113","59,947","60,955",24399416695.150173
2024-06-30,"60,955","61,991","60,623","61,931",11435110883.886797
2024-07-01,"61,931","63,789","61,771","63,236",17373592048.120487
2024-07-02,"63,235","63,343","61,743","61,804",25573074910.68969
2024-07-03,"61,804","62,191","59,614","59,614",18100530101.689423
2024-07-04,"59,613","60,406","56,757","58,253",30348692427.02443
2024-07-05,"58,254","58,723","53,701","56,458",43112005394.93119
2024-07-06,"56,458","58,077","56,037","57,864",60081357583.2773
2024-07-07,"57,865","58,464","56,599","57,136",21293913670.91997
2024-07-08,"57,136","58,145","54,317","56,494",20211914621.326435
2024-07-09,"56,492","58,234","56,203","57,863",41614266908.30467
2024-07-10,"57,863","59,409","57,368","57,403",28413854577.26276
2024-07-11,"57,401","59,354","57,100","57,386",25987656347.278587
2024-07-12,"57,386","58,529","56,563","57,606",29196653598.752663
2024-07-13,"57,608","58,968","57,173","58,647",25504482306.19897
2024-07-14,"58,647","60,391","58,316","59,938",16765547593.243273
2024-07-15,"59,938","63,868","59,912","63,453",21295520563.65442
2024-07-16,"63,452","65,211","62,457","65,196",37810068492.86247
2024-07-17,"65,195","66,105","63,891","64,571",40914441633.09575
2024-07-18,"64,571","65,097","63,241","63,518",33459451713.593426
2024-07-19,"63,518","67,443","63,313","67,235",25976148878.63216
2024-07-20,"67,232","67,614","66,303","67,261",36994610752.230415
2024-07-21,"67,261","67,713","65,851","67,450",17353396168.041622
2024-07-22,"67,450","68,473","66,612","68,248",27078771827.95196
2024-07-23,"68,249","68,285","65,483","65,495",43157593651.80313
2024-07-24,"65,496","67,091","65,487","65,668",36100536095.18872
2024-07-25,"65,668","66,058","63,461","64,680",28680123269.715443
2024-07-26,"64,680","68,132","64,436","68,014",35836896135.542854
2024-07-27,"68,014","69,404","67,438","68,275",30821370069.20628
2024-07-28,"68,276","69,103","66,723","68,123",30976752616.761925
2024-07-29,"68,123","69,990","66,525","67,267",17175244020.36542
2024-07-30,"67,267","67,538","65,566","65,864",42529043667.45024
2024-07-31,"65,862","66,796","65,002","65,238",28892376510.689587
2024-08-01,"65,239","65,358","62,255","63,379",31403681581.19408
2024-08-02,"63,380","65,538","62,436","62,574",38911302447.60912
2024-08-03,"62,572","63,094","59,916","60,212",39004321616.3716
2024-08-04,"60,212","61,053","57,284","59,249",32885545023.71265
2024-08-05,"59,248","59,519","49,314","53,461",33664501541.451115
2024-08-06,"53,462","57,053","53,462","56,805",120245972389.37172
2024-08-07,"56,803","57,704","54,694","54,747",52620100833.47091
2024-08-08,"54,747","59,852","54,614","59,396",41605918903.41173
2024-08-09,"59,400","62,622","59,350","60,691",49201548320.290726
2024-08-10,"60,692","61,444","59,996","61,027",33804208928.47938
2024-08-11,"61,027","61,743","59,589","59,651",13418919090.197285
2024-08-12,"59,650","60,638","57,702","59,034",21715994493.45689
2024-08-13,"59,035","61,573","58,503","60,860",39403296385.84335
2024-08-14,"60,858","61,664","58,757","58,913",31955576195.24629
2024-08-15,"58,912","59,834","56,753","57,057",28079911397.67297
2024-08-16,"57,057","59,839","56,222","59,736",33490251842.381622
2024-08-17,"59,733","59,733","58,775","59,479",30368238897.20717
2024-08-18,"59,479","60,235","59,181","59,699",12467437134.05582
2024-08-19,"59,699","59,845","57,867","59,020",17656027563.72502
2024-08-20,"59,016","61,376","58,627","59,500",24031330179.25896
2024-08-21,"59,501","61,642","58,835","61,583",31470716090.619144
2024-08-22,"61,583","61,796","59,833","60,280",32960965010.60808
2024-08-23,"60,281","63,841","60,281","63,687",28170302505.847404
2024-08-24,"63,685","64,907","63,553","64,249",45038665759.42134
2024-08-25,"64,249","64,506","63,604","64,217",22029153446.35436
2024-08-26,"64,217","64,997","63,107","63,323",17875230147.044323
2024-08-27,"63,329","63,575","61,483","62,085",17894692681.091812
2024-08-28,"62,087","62,088","57,889","58,874",38131727427.91789
2024-08-29,"58,877","61,173","58,695","59,256",42018989572.42786
2024-08-30,"59,257","59,843","57,835","58,724",32563333956.986053
2024-08-31,"58,721","59,434","58,713","58,859",44038496614.94759
2024-09-01,"58,859","59,120","57,406","58,489",11399086336.303324
2024-09-02,"58,490","58,784","57,142","58,437",25465621877.97047
2024-09-03,"58,437","59,801","57,573","58,004",28012782290.96625
2024-09-04,"58,005","58,510","55,683","58,064",26829983370.35861
2024-09-05,"58,065","58,370","55,797","56,020",37550380696.7459
2024-09-06,"56,021","56,968","53,255","53,499",30005773445.69372
2024-09-07,"53,497","54,829","52,605","54,406",50260816556.81667
2024-09-08,"54,406","54,700","53,641","54,343",17048448412.007126
2024-09-09,"54,343","57,167","54,196","57,123",18644823662.23431
2024-09-10,"57,121","58,029","56,418","57,973",35655419448.07046
2024-09-11,"57,971","57,990","55,567","57,649",29676093302.30697
2024-09-12,"57,645","58,513","57,243","58,380",37765652735.2964
2024-09-13,"58,382","60,004","57,654","59,742",34177859933.02337
2024-09-14,"59,743","60,656","59,524","59,829",31919740723.76027
2024-09-15,"59,829","60,387","59,761","59,891",15800120841.166773
2024-09-16,"59,891","59,941","57,518","57,894",17289597542.866756
2024-09-17,"57,894","61,330","57,614","59,992",32196570894.402115
2024-09-18,"59,992","61,309","59,215","60,070",34191170117.78261
2024-09-19,"60,069","63,868","59,543","63,270",40445339415.1129
2024-09-20,"63,269","64,103","62,365","62,835",41959080716.28771
2024-09-21,"62,830","63,407","62,723","63,211",35587830476.533394
2024-09-22,"63,214","63,538","62,485","63,164",12938083115.659332
2024-09-23,"63,164","64,721","62,432","63,305",20349365412.816723
2024-09-24,"63,730","64,372","63,690","64,333",23998847798.757656
2024-09-25,"64,333","64,794","63,002","63,155",31490984593.70592
2024-09-26,"63,155","65,811","62,671","64,748",26087643765.748165
2024-09-27,"64,747","66,492","64,658","65,689",37995568903.94455
2024-09-28,"65,686","66,239","65,458","65,735",32664917503.931107
2024-09-29,"65,735","65,984","65,450","65,973",15342911002.84781
2024-09-30,"65,973","66,072","63,061","63,431",12948707838.93838
2024-10-01,"63,432","64,104","61,082","61,718",35124446789.27111
2024-10-02,"61,722","62,351","59,991","60,188",54251488433.95029
2024-10-03,"60,189","61,461","59,861","61,030",41870731291.86736
2024-10-04,"61,033","62,462","60,470","62,403",37711138441.76231
2024-10-05,"62,399","62,470","61,703","61,841",30349059838.68457
2024-10-06,"61,841","62,945","61,713","62,633",11095453162.990671
2024-10-07,"62,634","64,441","62,303","63,345",14592422860.685436
2024-10-08,"63,346","63,386","61,849","62,217",33878876147.30253
2024-10-09,"62,215","62,513","60,793","60,982",28626429276.55382
2024-10-10,"60,981","61,238","58,889","59,666",28530748117.898792
2024-10-11,"59,667","63,402","59,535","63,079",29481971885.649742
2024-10-12,"63,080","63,451","62,343","63,006",32008659336.482643
2024-10-13,"63,006","63,354","62,037","62,720",17665963646.417107
2024-10-14,"62,720","66,264","62,441","65,930",16784552979.060465
2024-10-15,"65,928","67,890","64,839","66,967",46553796134.14602
2024-10-16,"66,970","68,390","66,155","67,743",51797932876.82809
2024-10-17,"67,743","67,939","66,651","66,795",40640495380.19594
2024-10-18,"66,800","68,997","66,800","68,625",34512072357.92087
2024-10-19,"68,624","68,693","68,029","68,179",39984956633.22804
2024-10-20,"68,179","68,746","68,100","68,495",14110889435.452633
2024-10-21,"68,495","69,471","66,824","67,732",17253863432.786995
2024-10-22,"67,732","67,900","66,591","67,457",40485496091.95008
2024-10-23,"67,457","67,788","65,177","66,353",31398389967.38113
2024-10-24,"66,356","68,278","66,262","68,213",32676918488.059
2024-10-25,"68,218","68,796","65,897","66,726",35892606570.03549
2024-10-26,"66,727","67,264","65,537","67,086",48426924850.053406
2024-10-27,"67,086","67,889","66,858","67,750",21169467789.89267
2024-10-28,"67,750","69,865","67,549","69,588",16533385730.434193
2024-10-29,"69,587","73,595","69,428","72,532",41990540384.96554
2024-10-30,"72,531","72,952","71,425","71,822",65487782004.97014
2024-10-31,"71,824","72,905","69,942","69,948",43498144313.67304
2024-11-01,"69,949","71,588","68,783","69,267",45907074188.57015
2024-11-02,"69,261","69,869","68,835","69,504",54863092261.31101
2024-11-03,"69,504","69,550","67,471","68,935",14709379754.965973
2024-11-04,"68,935","69,438","67,248","67,290",37659435506.75704
2024-11-05,"67,292","70,520","66,807","69,443",46183110993.79166
2024-11-06,"69,442","76,481","68,914","76,232",40025021601.49395
2024-11-07,"76,225","76,952","74,488","76,618",128492534668.23853
2024-11-08,"76,613","77,276","75,554","76,784",66590396087.4524
2024-11-09,"76,775","76,821","75,778","76,330",50687468387.720375
2024-11-10,"76,330","81,074","76,271","79,002",31430906055.796104
2024-11-11,"79,002","87,491","78,553","87,115",93473126207.67863
2024-11-12,"87,105","89,995","85,157","89,525",133959805308.72511
2024-11-13,"89,530","93,445","86,270","89,801",152356811694.44943
2024-11-14,"89,801","91,773","87,563","87,565",136046309843.60645
2024-11-15,"87,568","91,487","86,706","91,487",99649391847.0836
2024-11-16,"91,487","91,881","90,117","90,799",84382485697.84985
2024-11-17,"90,799","91,428","89,432","89,636",49255174407.36877
2024-11-18,"89,636","92,594","88,743","91,574",48556083101.64749
2024-11-19,"91,573","94,039","90,323","92,607",77391724184.19348
2024-11-20,"92,601","94,963","91,517","94,379",80493234958.49161
2024-11-21,"94,377","99,028","93,885","98,334",80747272080.24826
2024-11-22,"98,326","99,768","97,229","99,291",118163852022.3175
2024-11-23,"99,292","99,489","97,256","97,828",85746174563.98602
2024-11-24,"97,828","98,657","95,795","96,884",47414200206.70341
2024-11-25,"96,884","98,966","94,491","94,856",50665680246.86775
2024-11-26,"94,859","95,134","90,755","90,982",89476321216.0935
2024-11-27,"90,981","97,366","90,784","96,626",97389239315.52954
2024-11-28,"96,625","96,712","94,688","94,825",81469353259.75
2024-11-29,"94,825","98,729","94,825","97,416",49067932024.40325
2024-11-30,"97,416","97,557","96,152","97,030",74670031635.5065
2024-12-01,"97,030","97,567","95,768","97,137",43580019720.72064
2024-12-02,"97,137","98,187","94,491","95,673",49147687432.565895
2024-12-03,"95,675","96,281","93,609","95,674",101019861361.49252
2024-12-04,"95,672","99,219","94,679","98,972",87935752287.975
2024-12-05,"98,975","103,853","97,658","99,137",98230784298.0459
2024-12-06,"99,137","102,085","92,251","101,581",190460293531.538
2024-12-07,"101,582","101,615","99,096","100,382",115812632020.44765
2024-12-08,"100,382","100,530","98,767","99,864",61061136199.7846
2024-12-09,"99,864","101,399","96,128","96,187",62677764785.05408
2024-12-10,"96,189","98,278","94,334","96,505",146846843211.51685
2024-12-11,"96,506","101,795","95,747","101,433",125835977742.51114
2024-12-12,"101,427","102,554","99,335","99,960",118484957960.76833
2024-12-13,"99,970","101,909","99,246","101,709",100092043319.8122
2024-12-14,"101,709","102,640","100,624","100,728",78802903278.85962
2024-12-15,"100,729","103,383","100,729","103,114",57321924844.41535
2024-12-16,"103,115","107,812","102,623","105,883",70645074624.52869
2024-12-17,"105,877","108,309","105,520","106,735",115184737759.33566
2024-12-18,"106,734","106,785","100,231","100,636",93417826250.1972
2024-12-19,"100,648","102,734","95,585","96,274",113692025885.44743
2024-12-20,"96,273","98,295","92,175","96,378",100611554887.24124
2024-12-21,"96,376","99,493","95,397","97,413",112340864006.62828
2024-12-22,"97,413","97,523","94,339","95,492",53058382639.48845
2024-12-23,"95,492","96,399","92,403","93,033",44619017105.36954
2024-12-24,"93,029","99,419","93,026","97,242",64937790292.61125
2024-12-25,"97,239","99,254","97,224","99,074",49169088282.15742
2024-12-26,"99,073","99,872","95,104","95,454",33963749856.44743
2024-12-27,"95,452","97,268","93,304","94,448",45049342388.18843
2024-12-28,"94,444","95,123","94,013","94,907",41498540807.66696
2024-12-29,"94,907","95,516","93,209","93,668",22429850903.940086
2024-12-30,"93,668","94,867","91,323","94,202",24065314499.50228
2024-12-31,"94,201","96,098","91,797","93,414",57595164139.4709
2025-01-01,"93,412","94,650","92,782","94,588",45327464907.74362
2025-01-02,"94,588","97,743","94,206","97,228",23275007789.49633
2025-01-03,"97,227","98,937","96,037","98,309",45157338602.61752
2025-01-04,"98,305","98,610","97,560","98,590",35721645948.10051
2025-01-05,"98,590","98,735","97,272","98,252",20979035420.9808
2025-01-06,"98,253","102,497","97,923","102,259",20060293834.7155
2025-01-07,"102,253","102,710","96,130","96,462",46111387334.46171
2025-01-08,"96,466","97,248","92,568","93,929",60610257147.15405
2025-01-09,"93,931","95,331","91,217","91,860",65790469838.34392
2025-01-10,"91,861","95,766","91,653","94,674",65850881574.76184
2025-01-11,"94,673","94,907","93,845","94,547",63433655716.757095
2025-01-12,"94,547","95,351","93,710","94,638",17836423168.41627
2025-01-13,"94,639","95,837","89,325","93,562",19608932595.53299
2025-01-14,"93,557","97,334","93,395","96,504",76328330233.31137
2025-01-15,"96,496","100,707","96,289","99,618",51241728228.81719
2025-01-16,"99,615","100,857","97,336","100,308",57637319739.5434
2025-01-17,"100,311","105,925","99,395","104,768",50150102497.2729
2025-01-18,"104,764","105,079","102,260","103,936",69135117732.00064
2025-01-19,"103,936","106,276","103,357","106,183",49416447749.13053
2025-01-20,"106,183","109,225","99,521","103,555",72970313683.92325
2025-01-21,"103,554","107,225","100,105","106,126",120158523166.88388
2025-01-22,"106,128","106,818","103,339","104,270",95344290057.8965
2025-01-23,"104,275","106,852","101,241","103,320",55030669602.56557
2025-01-24,"103,322","107,151","102,325","104,812",102455227371.2076
2025-01-25,"104,813","105,432","104,123","104,950",51418786362.7815
2025-01-26,"104,950","105,428","104,448","104,923",22740744964.719296
2025-01-27,"104,923","104,962","97,740","101,406",20639818380.26942
2025-01-28,"101,402","103,723","100,952","101,200",93191643783.2474
2025-01-29,"101,203","104,760","100,237","104,223",45780526813.56264
2025-01-30,"104,222","106,439","103,346","104,897",47425401641.53094
2025-01-31,"104,904","106,062","101,571","101,625",42122570869.034325
2025-02-01,"101,623","102,748","100,957","101,299",37187819228.35328
2025-02-02,"101,299","101,532","96,801","97,767",22827776122.48367
2025-02-03,"97,767","102,116","91,229","101,239",59784234332.21204
2025-02-04,"101,237","102,539","97,946","98,686",122163969235.23686
2025-02-05,"98,684","99,146","96,230","97,326",73196693057.98114
2025-02-06,"97,326","99,159","95,709","96,894",48848958931.79228
2025-02-07,"96,899","100,189","95,684","95,753",44462180396.17252
2025-02-08,"95,753","96,889","95,674","96,472",57077722340.22422
2025-02-09,"96,472","97,328","95,807","96,342",20760850644.84597
2025-02-10,"96,342","98,332","94,751","97,366",25457107581.051964
2025-02-11,"97,366","98,487","94,861","95,272",37054987393.57789
2025-02-12,"95,274","97,671","94,084","97,054",36454577154.5622
2025-02-13,"97,050","98,099","95,237","96,284",47115618235.19051
2025-02-14,"96,285","98,874","96,281","97,216",29084371910.69056
2025-02-15,"97,217","97,975","96,758","97,531",32289906944.92862
2025-02-16,"97,531","97,742","96,695","96,923",14215311318.346336
2025-02-17,"96,923","97,248","95,230","95,994",13634794998.739267
2025-02-18,"95,993","96,703","93,352","94,143",25324374113.08163
2025-02-19,"94,146","96,673","94,105","96,136",38311133144.72936
2025-02-20,"96,139","98,757","96,067","98,498",27703222487.38957
2025-02-21,"98,502","99,502","94,860","94,882",24175261969.81266
2025-02-22,"94,888","96,940","94,888","96,589",42477472950.92155
2025-02-23,"96,589","96,703","95,268","95,792",18464415570.762142
2025-02-24,"95,792","96,501","93,708","93,981",16643044374.983364
2025-02-25,"93,981","94,304","85,991","87,979",45539703844.38777
2025-02-26,"87,986","89,345","82,201","84,210",96742453402.56294
2025-02-27,"84,210","86,966","82,617","83,397",69277430795.68657
2025-02-28,"83,397","85,068","78,239","84,108",305190442156.92804
2025-03-01,"84,108","86,508","83,793","85,475",80695237175.07367
2025-03-02,"85,475","95,049","85,035","94,357",30634474722.6359
2025-03-03,"94,357","94,821","85,136","85,937",61859112550.80991
2025-03-04,"85,937","88,792","81,495","86,813",68715362745.4567
2025-03-05,"86,813","90,891","86,370","90,491",65863356680.42408
2025-03-06,"90,491","92,783","87,834","89,025",51606642859.81411
2025-03-07,"89,025","91,170","84,742","86,965",47555759124.64708
2025-03-08,"86,965","87,259","85,247","86,257",63216440874.73251
2025-03-09,"86,257","86,477","82,212","82,573",18809360803.37126
2025-03-10,"82,573","83,931","77,429","78,906",32013406240.51754
2025-03-11,"78,906","83,575","76,608","83,107",49983692766.22745
2025-03-12,"83,107","84,303","80,627","82,924",56404462275.083046
2025-03-13,"82,924","84,271","79,936","80,136",41782186208.59073
2025-03-14,"80,136","85,292","80,136","84,584",32583592654.882656
2025-03-15,"84,584","84,667","83,646","84,289",28571483950.07465
2025-03-16,"84,289","85,005","82,404","83,089",10761796127.312485
2025-03-17,"83,089","84,732","82,000","84,470",21638031633.118767
2025-03-18,"84,470","84,486","81,137","82,266",19659366246.596867
2025-03-19,"82,266","85,951","81,874","85,465",24557570268.85276
2025-03-20,"85,465","87,443","83,624","84,129",33871216993.304657
2025-03-21,"84,129","84,785","83,157","83,931",27579127651.06656
2025-03-22,"83,931","84,532","83,793","84,177",18091004975.919056
2025-03-23,"84,177","85,396","83,688","85,007",7771134681.982918
2025-03-24,"85,007","88,766","84,938","88,319",12617587530.619724
2025-03-25,"88,319","88,522","86,349","88,157",27270889835.1835
2025-03-26,"88,157","88,548","85,866","86,561",30351832942.7056
2025-03-27,"86,561","87,758","85,839","87,035",25522877558.70056
2025-03-28,"87,035","87,710","83,553","83,718",24620445368.489468
2025-03-29,"83,718","84,552","81,637","82,643",31674486232.09732
2025-03-30,"82,643","83,498","82,048","82,537",16837439419.924389
2025-03-31,"82,537","83,893","81,298","82,402",13428975108.070734
2025-04-01,"82,402","85,487","82,262","84,955",30326148749.91535
2025-04-02,"84,955","87,354","83,936","86,941",29172899851.734768
2025-04-03,"86,941","88,459","81,269","81,922",46332905657.77597
2025-04-04,"81,922","84,700","81,670","83,969",36594464539.14662
2025-04-05,"83,969","84,416","82,360","82,821",35647289400.47406
2025-04-06,"82,821","83,713","78,657","79,601",14910400035.531416
2025-04-07,"79,601","81,147","74,436","78,062",36140377231.68329
2025-04-08,"78,062","80,815","76,297","76,741",82909748172.59216
2025-04-09,"76,741","82,960","74,584","82,290",47812787635.22632
2025-04-10,"82,290","83,553","78,437","79,581",87408220482.11568
2025-04-11,"79,581","84,171","78,939","83,823",41213520154.25157
2025-04-12,"83,823","85,370","82,782","84,908",39813566443.76779
2025-04-13,"84,908","86,016","83,076","83,923",22428929482.06912
2025-04-14,"83,923","85,794","83,035","84,902",28731125717.93436
2025-04-15,"84,902","86,453","83,927","84,007",33155578229.34352
2025-04-16,"84,007","85,462","83,104","84,340",25084671427.622566
2025-04-17,"84,340","85,467","83,760","84,879",26948109141.803364
2025-04-18,"84,879","85,142","84,324","84,532",19323821375.14309
2025-04-19,"84,532","85,591","84,354","85,078",9550691272.782003
2025-04-20,"85,078","85,347","83,976","84,645",12635983530.804457
2025-04-21,"84,645","88,499","84,633","87,463",12625843856.313684
2025-04-22,"87,463","91,754","86,965","91,560",40070025414.28289
2025-04-23,"91,560","94,570","91,135","93,567",53841992235.36636
2025-04-24,"93,567","93,936","91,701","93,622",39901515879.65954
2025-04-25,"93,622","95,865","92,892","95,422",30031246761.09345
2025-04-26,"95,422","95,434","93,917","94,316",39336184715.04292
2025-04-27,"94,316","95,334","93,675","94,445",15445392739.787264
2025-04-28,"94,445","95,621","92,857","94,812",15926259371.05796
2025-04-29,"94,812","95,475","94,252","95,337",31913814736.53902
2025-04-30,"95,337","95,431","92,953","94,155",25882629766.278942
